timestamp,index,name,utilization.gpu,utilization.memory,memory.used,memory.total,power.draw,temperature.gpu
2026/06/18 19:24:24.693, 0, NVIDIA GB10, 0, 0, [N/A], [N/A], 4.54, 57
2026/06/18 19:24:25.709, 0, NVIDIA GB10, 0, 0, [N/A], [N/A], 4.50, 57
2026/06/18 19:24:26.709, 0, NVIDIA GB10, 0, 0, [N/A], [N/A], 5.86, 57
2026/06/18 19:24:27.711, 0, NVIDIA GB10, 0, 0, [N/A], [N/A], 15.26, 57
2026/06/18 19:24:28.711, 0, NVIDIA GB10, 0, 0, [N/A], [N/A], 13.50, 57
2026/06/18 19:24:29.712, 0, NVIDIA GB10, 0, 0, [N/A], [N/A], 13.55, 57
2026/06/18 19:24:30.712, 0, NVIDIA GB10, 0, 0, [N/A], [N/A], 13.27, 57
2026/06/18 19:24:31.713, 0, NVIDIA GB10, 0, 0, [N/A], [N/A], 11.57, 56
2026/06/18 19:24:32.713, 0, NVIDIA GB10, 0, 0, [N/A], [N/A], 6.38, 56
2026/06/18 19:24:33.714, 0, NVIDIA GB10, 0, 0, [N/A], [N/A], 5.12, 56
2026/06/18 19:24:34.714, 0, NVIDIA GB10, 0, 0, [N/A], [N/A], 5.12, 56
2026/06/18 19:24:35.715, 0, NVIDIA GB10, 0, 0, [N/A], [N/A], 4.46, 55
2026/06/18 19:24:36.716, 0, NVIDIA GB10, 0, 0, [N/A], [N/A], 9.58, 56
2026/06/18 19:24:37.749, 0, NVIDIA GB10, 0, 0, [N/A], [N/A], 12.90, 56
2026/06/18 19:24:38.750, 0, NVIDIA GB10, 0, 0, [N/A], [N/A], 12.02, 56
2026/06/18 19:24:39.750, 0, NVIDIA GB10, 0, 0, [N/A], [N/A], 12.01, 56
2026/06/18 19:24:40.750, 0, NVIDIA GB10, 0, 0, [N/A], [N/A], 12.01, 56
2026/06/18 19:24:41.751, 0, NVIDIA GB10, 0, 0, [N/A], [N/A], 11.98, 56
2026/06/18 19:24:42.751, 0, NVIDIA GB10, 0, 0, [N/A], [N/A], 11.98, 56
2026/06/18 19:24:43.751, 0, NVIDIA GB10, 0, 0, [N/A], [N/A], 11.96, 56
2026/06/18 19:24:44.752, 0, NVIDIA GB10, 0, 0, [N/A], [N/A], 11.94, 55
2026/06/18 19:24:45.752, 0, NVIDIA GB10, 0, 0, [N/A], [N/A], 11.95, 55
2026/06/18 19:24:46.753, 0, NVIDIA GB10, 0, 0, [N/A], [N/A], 11.94, 55
2026/06/18 19:24:47.753, 0, NVIDIA GB10, 0, 0, [N/A], [N/A], 11.91, 55
2026/06/18 19:24:48.753, 0, NVIDIA GB10, 0, 0, [N/A], [N/A], 11.92, 55
2026/06/18 19:24:49.754, 0, NVIDIA GB10, 0, 0, [N/A], [N/A], 11.94, 55
2026/06/18 19:24:50.754, 0, NVIDIA GB10, 0, 0, [N/A], [N/A], 11.90, 55
2026/06/18 19:24:51.754, 0, NVIDIA GB10, 0, 0, [N/A], [N/A], 11.90, 55
2026/06/18 19:24:52.755, 0, NVIDIA GB10, 0, 0, [N/A], [N/A], 11.89, 55
2026/06/18 19:24:53.755, 0, NVIDIA GB10, 0, 0, [N/A], [N/A], 11.88, 55
2026/06/18 19:24:54.756, 0, NVIDIA GB10, 0, 0, [N/A], [N/A], 16.21, 55
2026/06/18 19:24:55.756, 0, NVIDIA GB10, 0, 0, [N/A], [N/A], 11.91, 55
2026/06/18 19:24:56.757, 0, NVIDIA GB10, 0, 0, [N/A], [N/A], 11.89, 55
2026/06/18 19:24:57.757, 0, NVIDIA GB10, 0, 0, [N/A], [N/A], 11.86, 55
2026/06/18 19:24:58.757, 0, NVIDIA GB10, 0, 0, [N/A], [N/A], 11.88, 55
2026/06/18 19:24:59.758, 0, NVIDIA GB10, 0, 0, [N/A], [N/A], 11.88, 55
2026/06/18 19:25:00.758, 0, NVIDIA GB10, 0, 0, [N/A], [N/A], 11.86, 55
2026/06/18 19:25:01.759, 0, NVIDIA GB10, 0, 0, [N/A], [N/A], 11.84, 55
2026/06/18 19:25:02.759, 0, NVIDIA GB10, 0, 0, [N/A], [N/A], 11.82, 55
2026/06/18 19:25:03.760, 0, NVIDIA GB10, 0, 0, [N/A], [N/A], 11.82, 54
2026/06/18 19:25:04.760, 0, NVIDIA GB10, 0, 0, [N/A], [N/A], 11.85, 54
2026/06/18 19:25:05.760, 0, NVIDIA GB10, 0, 0, [N/A], [N/A], 11.84, 54
2026/06/18 19:25:06.761, 0, NVIDIA GB10, 0, 0, [N/A], [N/A], 11.85, 54
2026/06/18 19:25:07.761, 0, NVIDIA GB10, 0, 0, [N/A], [N/A], 11.85, 54
2026/06/18 19:25:08.762, 0, NVIDIA GB10, 0, 0, [N/A], [N/A], 11.84, 54
2026/06/18 19:25:09.762, 0, NVIDIA GB10, 0, 0, [N/A], [N/A], 11.86, 54
2026/06/18 19:25:10.763, 0, NVIDIA GB10, 0, 0, [N/A], [N/A], 13.63, 54
2026/06/18 19:25:11.763, 0, NVIDIA GB10, 0, 0, [N/A], [N/A], 11.86, 54
2026/06/18 19:25:12.763, 0, NVIDIA GB10, 0, 0, [N/A], [N/A], 11.83, 54
2026/06/18 19:25:13.764, 0, NVIDIA GB10, 0, 0, [N/A], [N/A], 11.82, 54
2026/06/18 19:25:14.764, 0, NVIDIA GB10, 0, 0, [N/A], [N/A], 11.81, 54
2026/06/18 19:25:15.764, 0, NVIDIA GB10, 0, 0, [N/A], [N/A], 11.80, 54
2026/06/18 19:25:16.765, 0, NVIDIA GB10, 0, 0, [N/A], [N/A], 11.79, 54
2026/06/18 19:25:17.765, 0, NVIDIA GB10, 0, 0, [N/A], [N/A], 11.82, 54
2026/06/18 19:25:18.765, 0, NVIDIA GB10, 0, 0, [N/A], [N/A], 11.79, 54
2026/06/18 19:25:19.766, 0, NVIDIA GB10, 0, 0, [N/A], [N/A], 11.78, 54
2026/06/18 19:25:20.766, 0, NVIDIA GB10, 0, 0, [N/A], [N/A], 23.91, 59
2026/06/18 19:25:21.767, 0, NVIDIA GB10, 95, 0, [N/A], [N/A], 47.91, 60
2026/06/18 19:25:22.767, 0, NVIDIA GB10, 95, 0, [N/A], [N/A], 48.06, 60
2026/06/18 19:25:23.767, 0, NVIDIA GB10, 95, 0, [N/A], [N/A], 48.21, 61
2026/06/18 19:25:24.768, 0, NVIDIA GB10, 96, 0, [N/A], [N/A], 30.15, 56
2026/06/18 19:25:25.768, 0, NVIDIA GB10, 0, 0, [N/A], [N/A], 12.00, 56
2026/06/18 19:25:26.769, 0, NVIDIA GB10, 95, 0, [N/A], [N/A], 57.12, 61
2026/06/18 19:25:27.769, 0, NVIDIA GB10, 95, 0, [N/A], [N/A], 48.46, 62
2026/06/18 19:25:28.770, 0, NVIDIA GB10, 96, 0, [N/A], [N/A], 48.49, 62
2026/06/18 19:25:29.770, 0, NVIDIA GB10, 95, 0, [N/A], [N/A], 48.50, 62
2026/06/18 19:25:30.771, 0, NVIDIA GB10, 96, 0, [N/A], [N/A], 48.58, 63
2026/06/18 19:25:31.771, 0, NVIDIA GB10, 96, 0, [N/A], [N/A], 48.71, 63
2026/06/18 19:25:32.772, 0, NVIDIA GB10, 95, 0, [N/A], [N/A], 48.77, 63
2026/06/18 19:25:33.772, 0, NVIDIA GB10, 96, 0, [N/A], [N/A], 48.85, 64
2026/06/18 19:25:34.772, 0, NVIDIA GB10, 96, 0, [N/A], [N/A], 48.92, 64
2026/06/18 19:25:35.773, 0, NVIDIA GB10, 95, 0, [N/A], [N/A], 48.98, 64
2026/06/18 19:25:36.774, 0, NVIDIA GB10, 95, 0, [N/A], [N/A], 49.03, 64
2026/06/18 19:25:37.774, 0, NVIDIA GB10, 96, 0, [N/A], [N/A], 49.10, 65
2026/06/18 19:25:38.775, 0, NVIDIA GB10, 96, 0, [N/A], [N/A], 49.17, 65
2026/06/18 19:25:39.775, 0, NVIDIA GB10, 95, 0, [N/A], [N/A], 49.23, 65
2026/06/18 19:25:40.775, 0, NVIDIA GB10, 96, 0, [N/A], [N/A], 49.20, 65
2026/06/18 19:25:41.776, 0, NVIDIA GB10, 96, 0, [N/A], [N/A], 49.32, 66
2026/06/18 19:25:42.777, 0, NVIDIA GB10, 95, 0, [N/A], [N/A], 49.46, 66
2026/06/18 19:25:43.777, 0, NVIDIA GB10, 96, 0, [N/A], [N/A], 49.45, 66
2026/06/18 19:25:44.778, 0, NVIDIA GB10, 96, 0, [N/A], [N/A], 49.57, 66
2026/06/18 19:25:45.778, 0, NVIDIA GB10, 95, 0, [N/A], [N/A], 49.59, 66
2026/06/18 19:25:46.779, 0, NVIDIA GB10, 96, 0, [N/A], [N/A], 49.58, 67
2026/06/18 19:25:47.779, 0, NVIDIA GB10, 95, 0, [N/A], [N/A], 49.63, 67
2026/06/18 19:25:48.780, 0, NVIDIA GB10, 96, 0, [N/A], [N/A], 49.68, 67
2026/06/18 19:25:49.780, 0, NVIDIA GB10, 96, 0, [N/A], [N/A], 49.86, 67
2026/06/18 19:25:50.781, 0, NVIDIA GB10, 95, 0, [N/A], [N/A], 40.28, 63
2026/06/18 19:25:51.781, 0, NVIDIA GB10, 95, 0, [N/A], [N/A], 43.26, 67
2026/06/18 19:25:52.782, 0, NVIDIA GB10, 96, 0, [N/A], [N/A], 49.64, 67
2026/06/18 19:25:53.782, 0, NVIDIA GB10, 96, 0, [N/A], [N/A], 49.65, 68
2026/06/18 19:25:54.783, 0, NVIDIA GB10, 95, 0, [N/A], [N/A], 49.73, 68
2026/06/18 19:25:55.783, 0, NVIDIA GB10, 95, 0, [N/A], [N/A], 49.92, 68
2026/06/18 19:25:56.784, 0, NVIDIA GB10, 96, 0, [N/A], [N/A], 50.01, 68
2026/06/18 19:25:57.784, 0, NVIDIA GB10, 96, 0, [N/A], [N/A], 50.01, 68
2026/06/18 19:25:58.785, 0, NVIDIA GB10, 96, 0, [N/A], [N/A], 50.01, 69
2026/06/18 19:25:59.785, 0, NVIDIA GB10, 95, 0, [N/A], [N/A], 50.10, 69
2026/06/18 19:26:00.786, 0, NVIDIA GB10, 96, 0, [N/A], [N/A], 50.15, 69
2026/06/18 19:26:01.786, 0, NVIDIA GB10, 96, 0, [N/A], [N/A], 50.23, 69
2026/06/18 19:26:02.787, 0, NVIDIA GB10, 96, 0, [N/A], [N/A], 50.24, 69
2026/06/18 19:26:03.787, 0, NVIDIA GB10, 95, 0, [N/A], [N/A], 50.28, 69
2026/06/18 19:26:04.788, 0, NVIDIA GB10, 96, 0, [N/A], [N/A], 50.27, 69
2026/06/18 19:26:05.789, 0, NVIDIA GB10, 96, 0, [N/A], [N/A], 50.26, 70
2026/06/18 19:26:06.789, 0, NVIDIA GB10, 95, 0, [N/A], [N/A], 50.46, 70
2026/06/18 19:26:07.790, 0, NVIDIA GB10, 96, 0, [N/A], [N/A], 50.48, 70
2026/06/18 19:26:08.790, 0, NVIDIA GB10, 95, 0, [N/A], [N/A], 50.54, 70
2026/06/18 19:26:09.791, 0, NVIDIA GB10, 96, 0, [N/A], [N/A], 50.60, 70
2026/06/18 19:26:10.791, 0, NVIDIA GB10, 0, 0, [N/A], [N/A], 32.69, 70
2026/06/18 19:26:11.792, 0, NVIDIA GB10, 95, 0, [N/A], [N/A], 50.38, 70
2026/06/18 19:26:12.792, 0, NVIDIA GB10, 96, 0, [N/A], [N/A], 50.50, 70
2026/06/18 19:26:13.793, 0, NVIDIA GB10, 96, 0, [N/A], [N/A], 50.54, 70
2026/06/18 19:26:14.793, 0, NVIDIA GB10, 96, 0, [N/A], [N/A], 50.57, 71
2026/06/18 19:26:15.794, 0, NVIDIA GB10, 93, 0, [N/A], [N/A], 50.47, 71
2026/06/18 19:26:16.794, 0, NVIDIA GB10, 95, 0, [N/A], [N/A], 50.56, 71
2026/06/18 19:26:17.795, 0, NVIDIA GB10, 96, 0, [N/A], [N/A], 50.73, 71
2026/06/18 19:26:18.795, 0, NVIDIA GB10, 96, 0, [N/A], [N/A], 50.77, 71
2026/06/18 19:26:19.796, 0, NVIDIA GB10, 96, 0, [N/A], [N/A], 50.76, 71
2026/06/18 19:26:20.796, 0, NVIDIA GB10, 95, 0, [N/A], [N/A], 50.78, 71
2026/06/18 19:26:21.797, 0, NVIDIA GB10, 96, 0, [N/A], [N/A], 50.77, 71
2026/06/18 19:26:22.797, 0, NVIDIA GB10, 96, 0, [N/A], [N/A], 35.84, 67
2026/06/18 19:26:23.798, 0, NVIDIA GB10, 95, 0, [N/A], [N/A], 51.38, 72
2026/06/18 19:26:24.798, 0, NVIDIA GB10, 95, 0, [N/A], [N/A], 50.86, 72
2026/06/18 19:26:25.799, 0, NVIDIA GB10, 95, 0, [N/A], [N/A], 50.78, 72
2026/06/18 19:26:26.799, 0, NVIDIA GB10, 96, 0, [N/A], [N/A], 50.87, 72
2026/06/18 19:26:27.800, 0, NVIDIA GB10, 96, 0, [N/A], [N/A], 50.93, 72
2026/06/18 19:26:28.800, 0, NVIDIA GB10, 95, 0, [N/A], [N/A], 51.00, 72
2026/06/18 19:26:29.800, 0, NVIDIA GB10, 96, 0, [N/A], [N/A], 50.98, 72
2026/06/18 19:26:30.801, 0, NVIDIA GB10, 96, 0, [N/A], [N/A], 51.04, 72
2026/06/18 19:26:31.801, 0, NVIDIA GB10, 96, 0, [N/A], [N/A], 51.02, 72
2026/06/18 19:26:32.802, 0, NVIDIA GB10, 95, 0, [N/A], [N/A], 51.03, 73
2026/06/18 19:26:33.802, 0, NVIDIA GB10, 96, 0, [N/A], [N/A], 51.02, 73
2026/06/18 19:26:34.802, 0, NVIDIA GB10, 96, 0, [N/A], [N/A], 46.71, 69
2026/06/18 19:26:35.803, 0, NVIDIA GB10, 94, 0, [N/A], [N/A], 41.27, 73
2026/06/18 19:26:36.803, 0, NVIDIA GB10, 96, 0, [N/A], [N/A], 51.06, 73
2026/06/18 19:26:37.804, 0, NVIDIA GB10, 96, 0, [N/A], [N/A], 51.08, 73
2026/06/18 19:26:38.804, 0, NVIDIA GB10, 95, 0, [N/A], [N/A], 51.09, 73
2026/06/18 19:26:39.805, 0, NVIDIA GB10, 95, 0, [N/A], [N/A], 51.06, 73
2026/06/18 19:26:40.805, 0, NVIDIA GB10, 96, 0, [N/A], [N/A], 51.20, 73
2026/06/18 19:26:41.805, 0, NVIDIA GB10, 96, 0, [N/A], [N/A], 51.19, 73
2026/06/18 19:26:42.806, 0, NVIDIA GB10, 95, 0, [N/A], [N/A], 51.25, 73
2026/06/18 19:26:43.806, 0, NVIDIA GB10, 96, 0, [N/A], [N/A], 51.27, 73
2026/06/18 19:26:44.807, 0, NVIDIA GB10, 96, 0, [N/A], [N/A], 51.27, 74
2026/06/18 19:26:45.807, 0, NVIDIA GB10, 96, 0, [N/A], [N/A], 51.31, 74
2026/06/18 19:26:46.808, 0, NVIDIA GB10, 95, 0, [N/A], [N/A], 51.39, 74
2026/06/18 19:26:47.808, 0, NVIDIA GB10, 96, 0, [N/A], [N/A], 51.47, 74
2026/06/18 19:26:48.809, 0, NVIDIA GB10, 96, 0, [N/A], [N/A], 51.44, 74
2026/06/18 19:26:49.809, 0, NVIDIA GB10, 96, 0, [N/A], [N/A], 51.43, 74
2026/06/18 19:26:50.809, 0, NVIDIA GB10, 95, 0, [N/A], [N/A], 49.40, 74
2026/06/18 19:26:51.810, 0, NVIDIA GB10, 0, 0, [N/A], [N/A], 35.54, 74
2026/06/18 19:26:52.811, 0, NVIDIA GB10, 96, 0, [N/A], [N/A], 51.37, 74
2026/06/18 19:26:53.811, 0, NVIDIA GB10, 96, 0, [N/A], [N/A], 51.41, 74
2026/06/18 19:26:54.811, 0, NVIDIA GB10, 93, 0, [N/A], [N/A], 51.41, 74
2026/06/18 19:26:55.812, 0, NVIDIA GB10, 96, 0, [N/A], [N/A], 51.52, 74
2026/06/18 19:26:56.812, 0, NVIDIA GB10, 96, 0, [N/A], [N/A], 51.48, 74
2026/06/18 19:26:57.813, 0, NVIDIA GB10, 95, 0, [N/A], [N/A], 51.58, 75
2026/06/18 19:26:58.813, 0, NVIDIA GB10, 95, 0, [N/A], [N/A], 51.60, 75
2026/06/18 19:26:59.814, 0, NVIDIA GB10, 96, 0, [N/A], [N/A], 51.62, 75
2026/06/18 19:27:00.814, 0, NVIDIA GB10, 96, 0, [N/A], [N/A], 51.63, 75
2026/06/18 19:27:01.815, 0, NVIDIA GB10, 95, 0, [N/A], [N/A], 51.69, 75
2026/06/18 19:27:02.815, 0, NVIDIA GB10, 95, 0, [N/A], [N/A], 51.65, 75
2026/06/18 19:27:03.816, 0, NVIDIA GB10, 96, 0, [N/A], [N/A], 39.67, 75
2026/06/18 19:27:04.816, 0, NVIDIA GB10, 96, 0, [N/A], [N/A], 51.66, 75
2026/06/18 19:27:05.817, 0, NVIDIA GB10, 96, 0, [N/A], [N/A], 51.71, 75
2026/06/18 19:27:06.817, 0, NVIDIA GB10, 95, 0, [N/A], [N/A], 51.68, 75
2026/06/18 19:27:07.818, 0, NVIDIA GB10, 95, 0, [N/A], [N/A], 51.58, 75
2026/06/18 19:27:08.818, 0, NVIDIA GB10, 96, 0, [N/A], [N/A], 51.83, 75
2026/06/18 19:27:09.819, 0, NVIDIA GB10, 96, 0, [N/A], [N/A], 51.83, 75
2026/06/18 19:27:10.819, 0, NVIDIA GB10, 95, 0, [N/A], [N/A], 51.91, 75
2026/06/18 19:27:11.820, 0, NVIDIA GB10, 96, 0, [N/A], [N/A], 51.91, 75
2026/06/18 19:27:12.820, 0, NVIDIA GB10, 96, 0, [N/A], [N/A], 51.89, 75
2026/06/18 19:27:13.821, 0, NVIDIA GB10, 96, 0, [N/A], [N/A], 51.91, 75
2026/06/18 19:27:14.821, 0, NVIDIA GB10, 95, 0, [N/A], [N/A], 51.92, 75
2026/06/18 19:27:15.822, 0, NVIDIA GB10, 96, 0, [N/A], [N/A], 51.91, 75
2026/06/18 19:27:16.822, 0, NVIDIA GB10, 0, 0, [N/A], [N/A], 40.28, 75
2026/06/18 19:27:17.823, 0, NVIDIA GB10, 96, 0, [N/A], [N/A], 51.79, 75
2026/06/18 19:27:18.823, 0, NVIDIA GB10, 96, 0, [N/A], [N/A], 51.76, 75
2026/06/18 19:27:19.823, 0, NVIDIA GB10, 96, 0, [N/A], [N/A], 51.72, 75
2026/06/18 19:27:20.824, 0, NVIDIA GB10, 96, 0, [N/A], [N/A], 51.69, 75
2026/06/18 19:27:21.824, 0, NVIDIA GB10, 95, 0, [N/A], [N/A], 51.84, 75
2026/06/18 19:27:22.825, 0, NVIDIA GB10, 96, 0, [N/A], [N/A], 51.86, 75
2026/06/18 19:27:23.825, 0, NVIDIA GB10, 96, 0, [N/A], [N/A], 51.85, 75
2026/06/18 19:27:24.826, 0, NVIDIA GB10, 96, 0, [N/A], [N/A], 51.82, 75
2026/06/18 19:27:25.827, 0, NVIDIA GB10, 95, 0, [N/A], [N/A], 51.78, 75
2026/06/18 19:27:26.827, 0, NVIDIA GB10, 96, 0, [N/A], [N/A], 51.82, 75
2026/06/18 19:27:27.827, 0, NVIDIA GB10, 96, 0, [N/A], [N/A], 51.80, 75
2026/06/18 19:27:28.828, 0, NVIDIA GB10, 95, 0, [N/A], [N/A], 51.86, 75
2026/06/18 19:27:29.828, 0, NVIDIA GB10, 95, 0, [N/A], [N/A], 51.83, 75
2026/06/18 19:27:30.829, 0, NVIDIA GB10, 96, 0, [N/A], [N/A], 51.76, 75
2026/06/18 19:27:31.829, 0, NVIDIA GB10, 96, 0, [N/A], [N/A], 51.76, 75
2026/06/18 19:27:32.830, 0, NVIDIA GB10, 95, 0, [N/A], [N/A], 51.90, 75
2026/06/18 19:27:33.830, 0, NVIDIA GB10, 96, 0, [N/A], [N/A], 51.89, 75
2026/06/18 19:27:34.831, 0, NVIDIA GB10, 96, 0, [N/A], [N/A], 51.92, 75
2026/06/18 19:27:35.831, 0, NVIDIA GB10, 95, 0, [N/A], [N/A], 51.92, 75
2026/06/18 19:27:36.832, 0, NVIDIA GB10, 96, 0, [N/A], [N/A], 51.87, 75
2026/06/18 19:27:37.832, 0, NVIDIA GB10, 95, 0, [N/A], [N/A], 51.91, 75
2026/06/18 19:27:38.833, 0, NVIDIA GB10, 96, 0, [N/A], [N/A], 51.92, 75
2026/06/18 19:27:39.833, 0, NVIDIA GB10, 96, 0, [N/A], [N/A], 51.92, 75
2026/06/18 19:27:40.834, 0, NVIDIA GB10, 95, 0, [N/A], [N/A], 51.92, 75
2026/06/18 19:27:41.834, 0, NVIDIA GB10, 96, 0, [N/A], [N/A], 51.87, 75
2026/06/18 19:27:42.834, 0, NVIDIA GB10, 93, 0, [N/A], [N/A], 51.68, 75
2026/06/18 19:27:43.835, 0, NVIDIA GB10, 96, 0, [N/A], [N/A], 51.89, 75
2026/06/18 19:27:44.835, 0, NVIDIA GB10, 95, 0, [N/A], [N/A], 51.90, 75
2026/06/18 19:27:45.836, 0, NVIDIA GB10, 96, 0, [N/A], [N/A], 51.90, 75
2026/06/18 19:27:46.836, 0, NVIDIA GB10, 95, 0, [N/A], [N/A], 51.90, 75
2026/06/18 19:27:47.837, 0, NVIDIA GB10, 96, 0, [N/A], [N/A], 51.87, 75
2026/06/18 19:27:48.837, 0, NVIDIA GB10, 95, 0, [N/A], [N/A], 51.86, 75
2026/06/18 19:27:49.838, 0, NVIDIA GB10, 96, 0, [N/A], [N/A], 51.91, 75
2026/06/18 19:27:50.838, 0, NVIDIA GB10, 95, 0, [N/A], [N/A], 51.92, 75
2026/06/18 19:27:51.839, 0, NVIDIA GB10, 96, 0, [N/A], [N/A], 51.96, 75
2026/06/18 19:27:52.839, 0, NVIDIA GB10, 95, 0, [N/A], [N/A], 51.94, 75
2026/06/18 19:27:53.840, 0, NVIDIA GB10, 96, 0, [N/A], [N/A], 51.78, 75
2026/06/18 19:27:54.840, 0, NVIDIA GB10, 95, 0, [N/A], [N/A], 51.97, 75
2026/06/18 19:27:55.841, 0, NVIDIA GB10, 96, 0, [N/A], [N/A], 52.01, 75
2026/06/18 19:27:56.841, 0, NVIDIA GB10, 96, 0, [N/A], [N/A], 51.97, 75
2026/06/18 19:27:57.842, 0, NVIDIA GB10, 96, 0, [N/A], [N/A], 38.10, 70
2026/06/18 19:27:58.842, 0, NVIDIA GB10, 96, 0, [N/A], [N/A], 47.46, 75
2026/06/18 19:27:59.843, 0, NVIDIA GB10, 95, 0, [N/A], [N/A], 51.51, 75
2026/06/18 19:28:00.843, 0, NVIDIA GB10, 95, 0, [N/A], [N/A], 51.67, 75
2026/06/18 19:28:01.844, 0, NVIDIA GB10, 96, 0, [N/A], [N/A], 51.69, 75
2026/06/18 19:28:02.844, 0, NVIDIA GB10, 96, 0, [N/A], [N/A], 51.65, 75
2026/06/18 19:28:03.845, 0, NVIDIA GB10, 95, 0, [N/A], [N/A], 51.76, 75
2026/06/18 19:28:04.845, 0, NVIDIA GB10, 95, 0, [N/A], [N/A], 51.74, 75
2026/06/18 19:28:05.846, 0, NVIDIA GB10, 96, 0, [N/A], [N/A], 51.69, 75
2026/06/18 19:28:06.846, 0, NVIDIA GB10, 96, 0, [N/A], [N/A], 51.78, 75
2026/06/18 19:28:07.846, 0, NVIDIA GB10, 95, 0, [N/A], [N/A], 51.80, 75
2026/06/18 19:28:08.847, 0, NVIDIA GB10, 95, 0, [N/A], [N/A], 51.76, 75
2026/06/18 19:28:09.847, 0, NVIDIA GB10, 96, 0, [N/A], [N/A], 51.79, 75
2026/06/18 19:28:10.848, 0, NVIDIA GB10, 96, 0, [N/A], [N/A], 51.78, 75
2026/06/18 19:28:11.848, 0, NVIDIA GB10, 95, 0, [N/A], [N/A], 51.79, 75
2026/06/18 19:28:12.849, 0, NVIDIA GB10, 96, 0, [N/A], [N/A], 51.68, 75
2026/06/18 19:28:13.849, 0, NVIDIA GB10, 96, 0, [N/A], [N/A], 51.87, 75
2026/06/18 19:28:14.850, 0, NVIDIA GB10, 95, 0, [N/A], [N/A], 51.89, 75
2026/06/18 19:28:15.850, 0, NVIDIA GB10, 96, 0, [N/A], [N/A], 51.92, 75
2026/06/18 19:28:16.850, 0, NVIDIA GB10, 95, 0, [N/A], [N/A], 51.87, 75
2026/06/18 19:28:17.851, 0, NVIDIA GB10, 96, 0, [N/A], [N/A], 51.90, 75
2026/06/18 19:28:18.852, 0, NVIDIA GB10, 96, 0, [N/A], [N/A], 51.89, 75
2026/06/18 19:28:19.852, 0, NVIDIA GB10, 95, 0, [N/A], [N/A], 51.93, 75
2026/06/18 19:28:20.853, 0, NVIDIA GB10, 96, 0, [N/A], [N/A], 51.92, 75
2026/06/18 19:28:21.853, 0, NVIDIA GB10, 96, 0, [N/A], [N/A], 51.91, 75
2026/06/18 19:28:22.854, 0, NVIDIA GB10, 95, 0, [N/A], [N/A], 51.85, 75
2026/06/18 19:28:23.854, 0, NVIDIA GB10, 96, 0, [N/A], [N/A], 51.79, 75
2026/06/18 19:28:24.855, 0, NVIDIA GB10, 96, 0, [N/A], [N/A], 51.95, 75
2026/06/18 19:28:25.855, 0, NVIDIA GB10, 96, 0, [N/A], [N/A], 51.97, 75
2026/06/18 19:28:26.856, 0, NVIDIA GB10, 96, 0, [N/A], [N/A], 51.96, 75
2026/06/18 19:28:27.856, 0, NVIDIA GB10, 69, 0, [N/A], [N/A], 35.57, 75
2026/06/18 19:28:28.856, 0, NVIDIA GB10, 95, 0, [N/A], [N/A], 51.60, 75
2026/06/18 19:28:29.857, 0, NVIDIA GB10, 96, 0, [N/A], [N/A], 51.70, 75
2026/06/18 19:28:30.857, 0, NVIDIA GB10, 96, 0, [N/A], [N/A], 51.61, 75
2026/06/18 19:28:31.858, 0, NVIDIA GB10, 95, 0, [N/A], [N/A], 51.81, 75
2026/06/18 19:28:32.858, 0, NVIDIA GB10, 96, 0, [N/A], [N/A], 51.83, 75
2026/06/18 19:28:33.859, 0, NVIDIA GB10, 96, 0, [N/A], [N/A], 51.75, 75
2026/06/18 19:28:34.859, 0, NVIDIA GB10, 96, 0, [N/A], [N/A], 51.82, 75
2026/06/18 19:28:35.860, 0, NVIDIA GB10, 95, 0, [N/A], [N/A], 51.81, 75
2026/06/18 19:28:36.860, 0, NVIDIA GB10, 96, 0, [N/A], [N/A], 51.83, 75
2026/06/18 19:28:37.860, 0, NVIDIA GB10, 96, 0, [N/A], [N/A], 51.84, 75
2026/06/18 19:28:38.861, 0, NVIDIA GB10, 96, 0, [N/A], [N/A], 51.89, 75
2026/06/18 19:28:39.861, 0, NVIDIA GB10, 67, 0, [N/A], [N/A], 36.43, 74
2026/06/18 19:28:40.861, 0, NVIDIA GB10, 96, 0, [N/A], [N/A], 51.59, 75
2026/06/18 19:28:41.862, 0, NVIDIA GB10, 96, 0, [N/A], [N/A], 51.72, 75
2026/06/18 19:28:42.862, 0, NVIDIA GB10, 96, 0, [N/A], [N/A], 51.75, 75
2026/06/18 19:28:43.862, 0, NVIDIA GB10, 96, 0, [N/A], [N/A], 51.75, 75
2026/06/18 19:28:44.863, 0, NVIDIA GB10, 95, 0, [N/A], [N/A], 51.71, 75
2026/06/18 19:28:45.863, 0, NVIDIA GB10, 96, 0, [N/A], [N/A], 51.82, 75
2026/06/18 19:28:46.863, 0, NVIDIA GB10, 96, 0, [N/A], [N/A], 51.88, 75
2026/06/18 19:28:47.864, 0, NVIDIA GB10, 96, 0, [N/A], [N/A], 51.84, 75
2026/06/18 19:28:48.864, 0, NVIDIA GB10, 95, 0, [N/A], [N/A], 51.87, 75
2026/06/18 19:28:49.865, 0, NVIDIA GB10, 96, 0, [N/A], [N/A], 51.88, 75
2026/06/18 19:28:50.865, 0, NVIDIA GB10, 96, 0, [N/A], [N/A], 51.83, 75
2026/06/18 19:28:51.866, 0, NVIDIA GB10, 95, 0, [N/A], [N/A], 51.95, 75
2026/06/18 19:28:52.866, 0, NVIDIA GB10, 95, 0, [N/A], [N/A], 51.93, 75
2026/06/18 19:28:53.867, 0, NVIDIA GB10, 96, 0, [N/A], [N/A], 51.87, 75
2026/06/18 19:28:54.867, 0, NVIDIA GB10, 96, 0, [N/A], [N/A], 51.81, 75
2026/06/18 19:28:55.868, 0, NVIDIA GB10, 95, 0, [N/A], [N/A], 51.99, 75
2026/06/18 19:28:56.868, 0, NVIDIA GB10, 96, 0, [N/A], [N/A], 51.96, 75
2026/06/18 19:28:57.869, 0, NVIDIA GB10, 95, 0, [N/A], [N/A], 52.00, 75
2026/06/18 19:28:58.869, 0, NVIDIA GB10, 96, 0, [N/A], [N/A], 52.01, 75
2026/06/18 19:28:59.870, 0, NVIDIA GB10, 96, 0, [N/A], [N/A], 52.05, 75
2026/06/18 19:29:00.870, 0, NVIDIA GB10, 93, 0, [N/A], [N/A], 51.98, 75
2026/06/18 19:29:01.870, 0, NVIDIA GB10, 96, 0, [N/A], [N/A], 32.47, 75
2026/06/18 19:29:02.871, 0, NVIDIA GB10, 95, 0, [N/A], [N/A], 51.69, 75
2026/06/18 19:29:03.872, 0, NVIDIA GB10, 95, 0, [N/A], [N/A], 51.78, 75
2026/06/18 19:29:04.872, 0, NVIDIA GB10, 96, 0, [N/A], [N/A], 51.82, 75
2026/06/18 19:29:05.873, 0, NVIDIA GB10, 96, 0, [N/A], [N/A], 51.77, 75
2026/06/18 19:29:06.873, 0, NVIDIA GB10, 96, 0, [N/A], [N/A], 51.89, 75
2026/06/18 19:29:07.874, 0, NVIDIA GB10, 95, 0, [N/A], [N/A], 51.89, 75
2026/06/18 19:29:08.874, 0, NVIDIA GB10, 96, 0, [N/A], [N/A], 51.87, 75
2026/06/18 19:29:09.875, 0, NVIDIA GB10, 96, 0, [N/A], [N/A], 51.91, 75
2026/06/18 19:29:10.875, 0, NVIDIA GB10, 95, 0, [N/A], [N/A], 51.90, 75
2026/06/18 19:29:11.876, 0, NVIDIA GB10, 95, 0, [N/A], [N/A], 51.93, 75
2026/06/18 19:29:12.876, 0, NVIDIA GB10, 96, 0, [N/A], [N/A], 51.91, 75
2026/06/18 19:29:13.876, 0, NVIDIA GB10, 96, 0, [N/A], [N/A], 51.87, 75
2026/06/18 19:29:14.877, 0, NVIDIA GB10, 95, 0, [N/A], [N/A], 51.89, 75
2026/06/18 19:29:15.877, 0, NVIDIA GB10, 96, 0, [N/A], [N/A], 51.94, 75
2026/06/18 19:29:16.878, 0, NVIDIA GB10, 96, 0, [N/A], [N/A], 51.90, 75
2026/06/18 19:29:17.878, 0, NVIDIA GB10, 95, 0, [N/A], [N/A], 52.02, 75
2026/06/18 19:29:18.878, 0, NVIDIA GB10, 96, 0, [N/A], [N/A], 52.06, 76
2026/06/18 19:29:19.879, 0, NVIDIA GB10, 96, 0, [N/A], [N/A], 52.01, 76
2026/06/18 19:29:20.880, 0, NVIDIA GB10, 96, 0, [N/A], [N/A], 45.37, 81
2026/06/18 19:29:21.880, 0, NVIDIA GB10, 95, 0, [N/A], [N/A], 93.50, 81
2026/06/18 19:29:22.880, 0, NVIDIA GB10, 96, 0, [N/A], [N/A], 52.84, 76
2026/06/18 19:29:23.881, 0, NVIDIA GB10, 96, 0, [N/A], [N/A], 52.49, 76
2026/06/18 19:29:24.881, 0, NVIDIA GB10, 96, 0, [N/A], [N/A], 52.45, 76
2026/06/18 19:29:25.882, 0, NVIDIA GB10, 96, 0, [N/A], [N/A], 52.28, 76
2026/06/18 19:29:26.882, 0, NVIDIA GB10, 96, 0, [N/A], [N/A], 52.46, 76
2026/06/18 19:29:27.883, 0, NVIDIA GB10, 96, 0, [N/A], [N/A], 52.45, 76
2026/06/18 19:29:28.883, 0, NVIDIA GB10, 95, 0, [N/A], [N/A], 52.46, 76
2026/06/18 19:29:29.884, 0, NVIDIA GB10, 95, 0, [N/A], [N/A], 52.48, 76
2026/06/18 19:29:30.884, 0, NVIDIA GB10, 96, 0, [N/A], [N/A], 52.45, 76
2026/06/18 19:29:31.885, 0, NVIDIA GB10, 96, 0, [N/A], [N/A], 52.44, 76
2026/06/18 19:29:32.885, 0, NVIDIA GB10, 96, 0, [N/A], [N/A], 52.52, 76
2026/06/18 19:29:33.886, 0, NVIDIA GB10, 96, 0, [N/A], [N/A], 52.56, 76
2026/06/18 19:29:34.886, 0, NVIDIA GB10, 96, 0, [N/A], [N/A], 52.52, 76
2026/06/18 19:29:35.887, 0, NVIDIA GB10, 95, 0, [N/A], [N/A], 52.54, 76
2026/06/18 19:29:36.887, 0, NVIDIA GB10, 45, 0, [N/A], [N/A], 29.73, 77
2026/06/18 19:29:37.888, 0, NVIDIA GB10, 96, 0, [N/A], [N/A], 94.03, 82
2026/06/18 19:29:38.888, 0, NVIDIA GB10, 95, 0, [N/A], [N/A], 57.39, 76
2026/06/18 19:29:39.888, 0, NVIDIA GB10, 95, 0, [N/A], [N/A], 52.57, 76
2026/06/18 19:29:40.889, 0, NVIDIA GB10, 95, 0, [N/A], [N/A], 52.52, 76
2026/06/18 19:29:41.889, 0, NVIDIA GB10, 95, 0, [N/A], [N/A], 52.43, 76
2026/06/18 19:29:42.890, 0, NVIDIA GB10, 96, 0, [N/A], [N/A], 52.55, 76
2026/06/18 19:29:43.890, 0, NVIDIA GB10, 96, 0, [N/A], [N/A], 52.57, 76
2026/06/18 19:29:44.891, 0, NVIDIA GB10, 96, 0, [N/A], [N/A], 52.57, 76
2026/06/18 19:29:45.892, 0, NVIDIA GB10, 96, 0, [N/A], [N/A], 52.60, 76
2026/06/18 19:29:46.892, 0, NVIDIA GB10, 96, 0, [N/A], [N/A], 52.63, 76
2026/06/18 19:29:47.893, 0, NVIDIA GB10, 95, 0, [N/A], [N/A], 52.62, 76
2026/06/18 19:29:48.893, 0, NVIDIA GB10, 95, 0, [N/A], [N/A], 52.56, 76
2026/06/18 19:29:49.894, 0, NVIDIA GB10, 96, 0, [N/A], [N/A], 52.59, 76
2026/06/18 19:29:50.894, 0, NVIDIA GB10, 96, 0, [N/A], [N/A], 52.60, 76
2026/06/18 19:29:51.895, 0, NVIDIA GB10, 0, 0, [N/A], [N/A], 42.07, 71
2026/06/18 19:29:52.895, 0, NVIDIA GB10, 96, 0, [N/A], [N/A], 69.49, 82
2026/06/18 19:29:53.896, 0, NVIDIA GB10, 96, 0, [N/A], [N/A], 52.50, 76
2026/06/18 19:29:54.896, 0, NVIDIA GB10, 95, 0, [N/A], [N/A], 52.38, 76
2026/06/18 19:29:55.897, 0, NVIDIA GB10, 96, 0, [N/A], [N/A], 52.41, 76
2026/06/18 19:29:56.898, 0, NVIDIA GB10, 96, 0, [N/A], [N/A], 52.44, 76
2026/06/18 19:29:57.898, 0, NVIDIA GB10, 96, 0, [N/A], [N/A], 52.38, 76
2026/06/18 19:29:58.899, 0, NVIDIA GB10, 95, 0, [N/A], [N/A], 52.42, 76
2026/06/18 19:29:59.899, 0, NVIDIA GB10, 96, 0, [N/A], [N/A], 52.40, 76
2026/06/18 19:30:00.900, 0, NVIDIA GB10, 96, 0, [N/A], [N/A], 52.36, 76
2026/06/18 19:30:01.900, 0, NVIDIA GB10, 96, 0, [N/A], [N/A], 52.47, 76
2026/06/18 19:30:02.901, 0, NVIDIA GB10, 96, 0, [N/A], [N/A], 52.51, 76
2026/06/18 19:30:03.901, 0, NVIDIA GB10, 95, 0, [N/A], [N/A], 52.51, 76
2026/06/18 19:30:04.902, 0, NVIDIA GB10, 95, 0, [N/A], [N/A], 52.50, 76
2026/06/18 19:30:05.902, 0, NVIDIA GB10, 96, 0, [N/A], [N/A], 52.44, 76
2026/06/18 19:30:06.903, 0, NVIDIA GB10, 96, 0, [N/A], [N/A], 52.50, 76
2026/06/18 19:30:07.903, 0, NVIDIA GB10, 96, 0, [N/A], [N/A], 34.91, 81
2026/06/18 19:30:08.903, 0, NVIDIA GB10, 96, 0, [N/A], [N/A], 78.85, 76
2026/06/18 19:30:09.904, 0, NVIDIA GB10, 96, 0, [N/A], [N/A], 52.46, 76
2026/06/18 19:30:10.904, 0, NVIDIA GB10, 95, 0, [N/A], [N/A], 52.50, 76
2026/06/18 19:30:11.905, 0, NVIDIA GB10, 96, 0, [N/A], [N/A], 52.41, 76
2026/06/18 19:30:12.906, 0, NVIDIA GB10, 96, 0, [N/A], [N/A], 52.53, 76
2026/06/18 19:30:13.906, 0, NVIDIA GB10, 96, 0, [N/A], [N/A], 52.39, 76
2026/06/18 19:30:14.907, 0, NVIDIA GB10, 96, 0, [N/A], [N/A], 52.52, 76
2026/06/18 19:30:15.907, 0, NVIDIA GB10, 95, 0, [N/A], [N/A], 52.54, 76
2026/06/18 19:30:16.908, 0, NVIDIA GB10, 96, 0, [N/A], [N/A], 52.54, 76
2026/06/18 19:30:17.908, 0, NVIDIA GB10, 96, 0, [N/A], [N/A], 52.53, 76
2026/06/18 19:30:18.909, 0, NVIDIA GB10, 96, 0, [N/A], [N/A], 52.56, 76
2026/06/18 19:30:19.909, 0, NVIDIA GB10, 96, 0, [N/A], [N/A], 52.54, 76
2026/06/18 19:30:20.909, 0, NVIDIA GB10, 18, 0, [N/A], [N/A], 33.42, 71
2026/06/18 19:30:21.910, 0, NVIDIA GB10, 96, 0, [N/A], [N/A], 82.82, 77
2026/06/18 19:30:22.910, 0, NVIDIA GB10, 96, 0, [N/A], [N/A], 52.50, 76
2026/06/18 19:30:23.911, 0, NVIDIA GB10, 96, 0, [N/A], [N/A], 52.54, 76
2026/06/18 19:30:24.911, 0, NVIDIA GB10, 95, 0, [N/A], [N/A], 52.53, 76
2026/06/18 19:30:25.912, 0, NVIDIA GB10, 96, 0, [N/A], [N/A], 52.52, 76
2026/06/18 19:30:26.912, 0, NVIDIA GB10, 96, 0, [N/A], [N/A], 52.51, 76
2026/06/18 19:30:27.913, 0, NVIDIA GB10, 95, 0, [N/A], [N/A], 52.52, 76
2026/06/18 19:30:28.913, 0, NVIDIA GB10, 95, 0, [N/A], [N/A], 52.38, 76
2026/06/18 19:30:29.914, 0, NVIDIA GB10, 96, 0, [N/A], [N/A], 52.57, 76
2026/06/18 19:30:30.914, 0, NVIDIA GB10, 96, 0, [N/A], [N/A], 52.59, 76
2026/06/18 19:30:31.915, 0, NVIDIA GB10, 96, 0, [N/A], [N/A], 52.62, 76
2026/06/18 19:30:32.915, 0, NVIDIA GB10, 96, 0, [N/A], [N/A], 52.62, 76
2026/06/18 19:30:33.916, 0, NVIDIA GB10, 95, 0, [N/A], [N/A], 52.58, 76
2026/06/18 19:30:34.916, 0, NVIDIA GB10, 96, 0, [N/A], [N/A], 52.52, 77
2026/06/18 19:30:35.917, 0, NVIDIA GB10, 0, 0, [N/A], [N/A], 44.86, 72
2026/06/18 19:30:36.917, 0, NVIDIA GB10, 96, 0, [N/A], [N/A], 57.32, 82
2026/06/18 19:30:37.918, 0, NVIDIA GB10, 96, 0, [N/A], [N/A], 54.83, 76
2026/06/18 19:30:38.918, 0, NVIDIA GB10, 95, 0, [N/A], [N/A], 52.53, 76
2026/06/18 19:30:39.919, 0, NVIDIA GB10, 96, 0, [N/A], [N/A], 52.48, 76
2026/06/18 19:30:40.919, 0, NVIDIA GB10, 96, 0, [N/A], [N/A], 52.43, 76
2026/06/18 19:30:41.920, 0, NVIDIA GB10, 95, 0, [N/A], [N/A], 52.53, 76
2026/06/18 19:30:42.920, 0, NVIDIA GB10, 96, 0, [N/A], [N/A], 52.53, 76
2026/06/18 19:30:43.921, 0, NVIDIA GB10, 95, 0, [N/A], [N/A], 52.43, 76
2026/06/18 19:30:44.921, 0, NVIDIA GB10, 96, 0, [N/A], [N/A], 52.59, 77
2026/06/18 19:30:45.922, 0, NVIDIA GB10, 96, 0, [N/A], [N/A], 52.53, 76
2026/06/18 19:30:46.922, 0, NVIDIA GB10, 96, 0, [N/A], [N/A], 52.57, 77
2026/06/18 19:30:47.923, 0, NVIDIA GB10, 95, 0, [N/A], [N/A], 52.60, 77
2026/06/18 19:30:48.923, 0, NVIDIA GB10, 96, 0, [N/A], [N/A], 52.60, 77
2026/06/18 19:30:49.924, 0, NVIDIA GB10, 0, 0, [N/A], [N/A], 47.55, 72
2026/06/18 19:30:50.924, 0, NVIDIA GB10, 96, 0, [N/A], [N/A], 57.90, 83
2026/06/18 19:30:51.924, 0, NVIDIA GB10, 96, 0, [N/A], [N/A], 57.16, 77
2026/06/18 19:30:52.925, 0, NVIDIA GB10, 95, 0, [N/A], [N/A], 52.56, 77
2026/06/18 19:30:53.925, 0, NVIDIA GB10, 96, 0, [N/A], [N/A], 52.56, 77
2026/06/18 19:30:54.926, 0, NVIDIA GB10, 95, 0, [N/A], [N/A], 52.56, 77
2026/06/18 19:30:55.926, 0, NVIDIA GB10, 96, 0, [N/A], [N/A], 52.43, 77
2026/06/18 19:30:56.926, 0, NVIDIA GB10, 96, 0, [N/A], [N/A], 52.63, 77
2026/06/18 19:30:57.927, 0, NVIDIA GB10, 96, 0, [N/A], [N/A], 52.58, 77
2026/06/18 19:30:58.928, 0, NVIDIA GB10, 95, 0, [N/A], [N/A], 52.60, 77
2026/06/18 19:30:59.928, 0, NVIDIA GB10, 96, 0, [N/A], [N/A], 52.63, 77
2026/06/18 19:31:00.928, 0, NVIDIA GB10, 96, 0, [N/A], [N/A], 52.62, 77
2026/06/18 19:31:01.929, 0, NVIDIA GB10, 95, 0, [N/A], [N/A], 52.63, 77
2026/06/18 19:31:02.929, 0, NVIDIA GB10, 96, 0, [N/A], [N/A], 52.60, 77
2026/06/18 19:31:03.930, 0, NVIDIA GB10, 96, 0, [N/A], [N/A], 52.57, 77
2026/06/18 19:31:04.931, 0, NVIDIA GB10, 96, 0, [N/A], [N/A], 52.62, 77
2026/06/18 19:31:05.931, 0, NVIDIA GB10, 95, 0, [N/A], [N/A], 52.62, 77
2026/06/18 19:31:06.931, 0, NVIDIA GB10, 96, 0, [N/A], [N/A], 52.47, 77
2026/06/18 19:31:07.932, 0, NVIDIA GB10, 0, 0, [N/A], [N/A], 43.24, 72
2026/06/18 19:31:08.932, 0, NVIDIA GB10, 92, 0, [N/A], [N/A], 66.94, 78
2026/06/18 19:31:09.933, 0, NVIDIA GB10, 96, 0, [N/A], [N/A], 52.56, 77
2026/06/18 19:31:10.933, 0, NVIDIA GB10, 96, 0, [N/A], [N/A], 52.61, 77
2026/06/18 19:31:11.934, 0, NVIDIA GB10, 95, 0, [N/A], [N/A], 52.61, 77
2026/06/18 19:31:12.934, 0, NVIDIA GB10, 96, 0, [N/A], [N/A], 52.60, 77
2026/06/18 19:31:13.935, 0, NVIDIA GB10, 96, 0, [N/A], [N/A], 52.63, 77
2026/06/18 19:31:14.935, 0, NVIDIA GB10, 93, 0, [N/A], [N/A], 52.45, 77
2026/06/18 19:31:15.935, 0, NVIDIA GB10, 96, 0, [N/A], [N/A], 52.63, 77
2026/06/18 19:31:16.936, 0, NVIDIA GB10, 96, 0, [N/A], [N/A], 52.61, 77
2026/06/18 19:31:17.936, 0, NVIDIA GB10, 95, 0, [N/A], [N/A], 52.65, 77
2026/06/18 19:31:18.937, 0, NVIDIA GB10, 96, 0, [N/A], [N/A], 52.67, 77
2026/06/18 19:31:19.937, 0, NVIDIA GB10, 96, 0, [N/A], [N/A], 52.67, 77
2026/06/18 19:31:20.938, 0, NVIDIA GB10, 96, 0, [N/A], [N/A], 52.62, 77
2026/06/18 19:31:21.938, 0, NVIDIA GB10, 95, 0, [N/A], [N/A], 52.69, 77
2026/06/18 19:31:22.939, 0, NVIDIA GB10, 96, 0, [N/A], [N/A], 52.68, 77
2026/06/18 19:31:23.939, 0, NVIDIA GB10, 96, 0, [N/A], [N/A], 52.68, 77
2026/06/18 19:31:24.939, 0, NVIDIA GB10, 95, 0, [N/A], [N/A], 52.71, 77
2026/06/18 19:31:25.940, 0, NVIDIA GB10, 96, 0, [N/A], [N/A], 52.60, 77
2026/06/18 19:31:26.941, 0, NVIDIA GB10, 96, 0, [N/A], [N/A], 52.72, 77
2026/06/18 19:31:27.941, 0, NVIDIA GB10, 96, 0, [N/A], [N/A], 29.40, 76
2026/06/18 19:31:28.942, 0, NVIDIA GB10, 96, 0, [N/A], [N/A], 52.27, 77
2026/06/18 19:31:29.942, 0, NVIDIA GB10, 95, 0, [N/A], [N/A], 52.31, 77
2026/06/18 19:31:30.942, 0, NVIDIA GB10, 95, 0, [N/A], [N/A], 52.34, 77
2026/06/18 19:31:31.943, 0, NVIDIA GB10, 95, 0, [N/A], [N/A], 52.30, 77
2026/06/18 19:31:32.943, 0, NVIDIA GB10, 96, 0, [N/A], [N/A], 52.23, 77
2026/06/18 19:31:33.944, 0, NVIDIA GB10, 96, 0, [N/A], [N/A], 52.35, 77
2026/06/18 19:31:34.944, 0, NVIDIA GB10, 95, 0, [N/A], [N/A], 52.36, 77
2026/06/18 19:31:35.945, 0, NVIDIA GB10, 96, 0, [N/A], [N/A], 52.43, 77
2026/06/18 19:31:36.946, 0, NVIDIA GB10, 96, 0, [N/A], [N/A], 52.41, 77
2026/06/18 19:31:37.946, 0, NVIDIA GB10, 96, 0, [N/A], [N/A], 52.41, 77
2026/06/18 19:31:38.947, 0, NVIDIA GB10, 95, 0, [N/A], [N/A], 52.44, 77
2026/06/18 19:31:39.947, 0, NVIDIA GB10, 96, 0, [N/A], [N/A], 52.44, 77
2026/06/18 19:31:40.948, 0, NVIDIA GB10, 96, 0, [N/A], [N/A], 52.43, 77
2026/06/18 19:31:41.948, 0, NVIDIA GB10, 96, 0, [N/A], [N/A], 52.44, 77
2026/06/18 19:31:42.949, 0, NVIDIA GB10, 92, 0, [N/A], [N/A], 52.31, 77
2026/06/18 19:31:43.950, 0, NVIDIA GB10, 31, 0, [N/A], [N/A], 48.60, 73
2026/06/18 19:31:44.950, 0, NVIDIA GB10, 95, 0, [N/A], [N/A], 43.28, 77
2026/06/18 19:31:45.951, 0, NVIDIA GB10, 95, 0, [N/A], [N/A], 52.30, 77
2026/06/18 19:31:46.951, 0, NVIDIA GB10, 96, 0, [N/A], [N/A], 52.28, 77
2026/06/18 19:31:47.952, 0, NVIDIA GB10, 96, 0, [N/A], [N/A], 52.31, 77
2026/06/18 19:31:48.952, 0, NVIDIA GB10, 96, 0, [N/A], [N/A], 52.25, 77
2026/06/18 19:31:49.953, 0, NVIDIA GB10, 95, 0, [N/A], [N/A], 52.40, 77
2026/06/18 19:31:50.953, 0, NVIDIA GB10, 96, 0, [N/A], [N/A], 52.43, 77
2026/06/18 19:31:51.954, 0, NVIDIA GB10, 96, 0, [N/A], [N/A], 52.42, 77
2026/06/18 19:31:52.954, 0, NVIDIA GB10, 95, 0, [N/A], [N/A], 52.43, 77
2026/06/18 19:31:53.955, 0, NVIDIA GB10, 95, 0, [N/A], [N/A], 52.44, 77
2026/06/18 19:31:54.955, 0, NVIDIA GB10, 96, 0, [N/A], [N/A], 52.37, 77
2026/06/18 19:31:55.956, 0, NVIDIA GB10, 96, 0, [N/A], [N/A], 52.44, 77
2026/06/18 19:31:56.956, 0, NVIDIA GB10, 95, 0, [N/A], [N/A], 52.37, 77
2026/06/18 19:31:57.957, 0, NVIDIA GB10, 96, 0, [N/A], [N/A], 52.41, 77
2026/06/18 19:31:58.957, 0, NVIDIA GB10, 96, 0, [N/A], [N/A], 55.35, 83
2026/06/18 19:31:59.957, 0, NVIDIA GB10, 96, 0, [N/A], [N/A], 93.05, 83
2026/06/18 19:32:00.958, 0, NVIDIA GB10, 96, 0, [N/A], [N/A], 52.86, 77
2026/06/18 19:32:01.958, 0, NVIDIA GB10, 95, 0, [N/A], [N/A], 53.06, 77
2026/06/18 19:32:02.959, 0, NVIDIA GB10, 96, 0, [N/A], [N/A], 53.03, 77
2026/06/18 19:32:03.959, 0, NVIDIA GB10, 96, 0, [N/A], [N/A], 53.03, 77
2026/06/18 19:32:04.960, 0, NVIDIA GB10, 96, 0, [N/A], [N/A], 53.04, 77
2026/06/18 19:32:05.960, 0, NVIDIA GB10, 96, 0, [N/A], [N/A], 53.02, 77
2026/06/18 19:32:06.960, 0, NVIDIA GB10, 96, 0, [N/A], [N/A], 52.95, 77
2026/06/18 19:32:07.961, 0, NVIDIA GB10, 96, 0, [N/A], [N/A], 52.98, 77
2026/06/18 19:32:08.961, 0, NVIDIA GB10, 96, 0, [N/A], [N/A], 53.01, 77
2026/06/18 19:32:09.962, 0, NVIDIA GB10, 95, 0, [N/A], [N/A], 52.95, 77
2026/06/18 19:32:10.962, 0, NVIDIA GB10, 96, 0, [N/A], [N/A], 53.07, 77
2026/06/18 19:32:11.963, 0, NVIDIA GB10, 96, 0, [N/A], [N/A], 53.04, 77
2026/06/18 19:32:12.963, 0, NVIDIA GB10, 95, 0, [N/A], [N/A], 53.03, 77
2026/06/18 19:32:13.964, 0, NVIDIA GB10, 96, 0, [N/A], [N/A], 53.07, 77
2026/06/18 19:32:14.964, 0, NVIDIA GB10, 96, 0, [N/A], [N/A], 53.09, 77
2026/06/18 19:32:15.965, 0, NVIDIA GB10, 95, 0, [N/A], [N/A], 53.08, 77
2026/06/18 19:32:16.965, 0, NVIDIA GB10, 96, 0, [N/A], [N/A], 53.08, 77
2026/06/18 19:32:17.965, 0, NVIDIA GB10, 96, 0, [N/A], [N/A], 53.07, 77
2026/06/18 19:32:18.966, 0, NVIDIA GB10, 95, 0, [N/A], [N/A], 53.12, 77
2026/06/18 19:32:19.966, 0, NVIDIA GB10, 96, 0, [N/A], [N/A], 51.87, 77
2026/06/18 19:32:20.967, 0, NVIDIA GB10, 96, 0, [N/A], [N/A], 39.02, 82
2026/06/18 19:32:21.967, 0, NVIDIA GB10, 96, 0, [N/A], [N/A], 77.02, 78
2026/06/18 19:32:22.967, 0, NVIDIA GB10, 96, 0, [N/A], [N/A], 52.87, 77
2026/06/18 19:32:23.968, 0, NVIDIA GB10, 96, 0, [N/A], [N/A], 52.79, 77
2026/06/18 19:32:24.968, 0, NVIDIA GB10, 95, 0, [N/A], [N/A], 52.86, 77
2026/06/18 19:32:25.968, 0, NVIDIA GB10, 95, 0, [N/A], [N/A], 52.83, 77
2026/06/18 19:32:26.969, 0, NVIDIA GB10, 96, 0, [N/A], [N/A], 52.82, 77
2026/06/18 19:32:27.969, 0, NVIDIA GB10, 96, 0, [N/A], [N/A], 52.81, 77
2026/06/18 19:32:28.970, 0, NVIDIA GB10, 96, 0, [N/A], [N/A], 52.84, 77
2026/06/18 19:32:29.970, 0, NVIDIA GB10, 96, 0, [N/A], [N/A], 52.80, 77
2026/06/18 19:32:30.970, 0, NVIDIA GB10, 95, 0, [N/A], [N/A], 52.78, 77
2026/06/18 19:32:31.971, 0, NVIDIA GB10, 95, 0, [N/A], [N/A], 52.90, 77
2026/06/18 19:32:32.971, 0, NVIDIA GB10, 95, 0, [N/A], [N/A], 52.95, 77
2026/06/18 19:32:33.971, 0, NVIDIA GB10, 0, 0, [N/A], [N/A], 35.22, 72
2026/06/18 19:32:34.971, 0, NVIDIA GB10, 95, 0, [N/A], [N/A], 82.24, 82
2026/06/18 19:32:35.972, 0, NVIDIA GB10, 95, 0, [N/A], [N/A], 52.71, 77
2026/06/18 19:32:36.972, 0, NVIDIA GB10, 95, 0, [N/A], [N/A], 52.87, 77
2026/06/18 19:32:37.973, 0, NVIDIA GB10, 96, 0, [N/A], [N/A], 52.87, 77
2026/06/18 19:32:38.973, 0, NVIDIA GB10, 96, 0, [N/A], [N/A], 52.91, 77
2026/06/18 19:32:39.974, 0, NVIDIA GB10, 96, 0, [N/A], [N/A], 52.88, 77
2026/06/18 19:32:40.974, 0, NVIDIA GB10, 96, 0, [N/A], [N/A], 52.85, 77
2026/06/18 19:32:41.974, 0, NVIDIA GB10, 95, 0, [N/A], [N/A], 52.87, 78
2026/06/18 19:32:42.975, 0, NVIDIA GB10, 96, 0, [N/A], [N/A], 52.90, 77
2026/06/18 19:32:43.976, 0, NVIDIA GB10, 96, 0, [N/A], [N/A], 52.87, 77
2026/06/18 19:32:44.977, 0, NVIDIA GB10, 96, 0, [N/A], [N/A], 52.85, 77
2026/06/18 19:32:45.978, 0, NVIDIA GB10, 96, 0, [N/A], [N/A], 52.97, 77
2026/06/18 19:32:46.979, 0, NVIDIA GB10, 96, 0, [N/A], [N/A], 45.43, 83
2026/06/18 19:32:47.980, 0, NVIDIA GB10, 95, 0, [N/A], [N/A], 72.60, 78
2026/06/18 19:32:48.981, 0, NVIDIA GB10, 95, 0, [N/A], [N/A], 52.93, 78
2026/06/18 19:32:49.982, 0, NVIDIA GB10, 96, 0, [N/A], [N/A], 52.93, 77
2026/06/18 19:32:50.982, 0, NVIDIA GB10, 96, 0, [N/A], [N/A], 52.92, 77
2026/06/18 19:32:51.983, 0, NVIDIA GB10, 96, 0, [N/A], [N/A], 52.87, 77
2026/06/18 19:32:52.984, 0, NVIDIA GB10, 96, 0, [N/A], [N/A], 52.90, 77
2026/06/18 19:32:53.984, 0, NVIDIA GB10, 95, 0, [N/A], [N/A], 52.92, 78
2026/06/18 19:32:54.985, 0, NVIDIA GB10, 96, 0, [N/A], [N/A], 52.91, 77
2026/06/18 19:32:55.986, 0, NVIDIA GB10, 96, 0, [N/A], [N/A], 52.90, 77
2026/06/18 19:32:56.987, 0, NVIDIA GB10, 96, 0, [N/A], [N/A], 52.84, 77
2026/06/18 19:32:57.987, 0, NVIDIA GB10, 96, 0, [N/A], [N/A], 52.97, 78
2026/06/18 19:32:58.988, 0, NVIDIA GB10, 96, 0, [N/A], [N/A], 52.91, 78
2026/06/18 19:32:59.989, 0, NVIDIA GB10, 0, 0, [N/A], [N/A], 30.61, 72
2026/06/18 19:33:00.990, 0, NVIDIA GB10, 94, 0, [N/A], [N/A], 86.03, 78
2026/06/18 19:33:01.991, 0, NVIDIA GB10, 96, 0, [N/A], [N/A], 52.83, 78
2026/06/18 19:33:02.992, 0, NVIDIA GB10, 96, 0, [N/A], [N/A], 52.75, 78
2026/06/18 19:33:03.992, 0, NVIDIA GB10, 95, 0, [N/A], [N/A], 52.86, 77
2026/06/18 19:33:04.993, 0, NVIDIA GB10, 96, 0, [N/A], [N/A], 52.91, 78
2026/06/18 19:33:05.994, 0, NVIDIA GB10, 96, 0, [N/A], [N/A], 52.95, 78
2026/06/18 19:33:06.995, 0, NVIDIA GB10, 96, 0, [N/A], [N/A], 52.99, 78
2026/06/18 19:33:07.995, 0, NVIDIA GB10, 96, 0, [N/A], [N/A], 52.96, 77
2026/06/18 19:33:08.996, 0, NVIDIA GB10, 95, 0, [N/A], [N/A], 52.94, 78
2026/06/18 19:33:09.997, 0, NVIDIA GB10, 95, 0, [N/A], [N/A], 52.90, 78
2026/06/18 19:33:10.997, 0, NVIDIA GB10, 96, 0, [N/A], [N/A], 52.95, 78
2026/06/18 19:33:11.998, 0, NVIDIA GB10, 96, 0, [N/A], [N/A], 52.95, 78
2026/06/18 19:33:12.999, 0, NVIDIA GB10, 67, 0, [N/A], [N/A], 33.60, 81
2026/06/18 19:33:14.000, 0, NVIDIA GB10, 96, 0, [N/A], [N/A], 81.34, 78
2026/06/18 19:33:15.000, 0, NVIDIA GB10, 95, 0, [N/A], [N/A], 52.81, 77
2026/06/18 19:33:16.001, 0, NVIDIA GB10, 96, 0, [N/A], [N/A], 52.92, 78
2026/06/18 19:33:17.002, 0, NVIDIA GB10, 95, 0, [N/A], [N/A], 52.92, 78
2026/06/18 19:33:18.003, 0, NVIDIA GB10, 95, 0, [N/A], [N/A], 52.92, 78
2026/06/18 19:33:19.004, 0, NVIDIA GB10, 96, 0, [N/A], [N/A], 52.91, 78
2026/06/18 19:33:20.005, 0, NVIDIA GB10, 96, 0, [N/A], [N/A], 52.93, 78
2026/06/18 19:33:21.005, 0, NVIDIA GB10, 96, 0, [N/A], [N/A], 52.93, 78
2026/06/18 19:33:22.006, 0, NVIDIA GB10, 95, 0, [N/A], [N/A], 52.90, 78
2026/06/18 19:33:23.007, 0, NVIDIA GB10, 95, 0, [N/A], [N/A], 52.94, 78
2026/06/18 19:33:24.008, 0, NVIDIA GB10, 96, 0, [N/A], [N/A], 52.98, 78
2026/06/18 19:33:25.008, 0, NVIDIA GB10, 71, 0, [N/A], [N/A], 49.89, 75
2026/06/18 19:33:26.009, 0, NVIDIA GB10, 96, 0, [N/A], [N/A], 49.49, 83
2026/06/18 19:33:27.009, 0, NVIDIA GB10, 96, 0, [N/A], [N/A], 68.29, 78
2026/06/18 19:33:28.010, 0, NVIDIA GB10, 96, 0, [N/A], [N/A], 52.96, 78
2026/06/18 19:33:29.011, 0, NVIDIA GB10, 96, 0, [N/A], [N/A], 52.97, 78
2026/06/18 19:33:30.012, 0, NVIDIA GB10, 95, 0, [N/A], [N/A], 52.95, 78
2026/06/18 19:33:31.012, 0, NVIDIA GB10, 96, 0, [N/A], [N/A], 52.96, 78
2026/06/18 19:33:32.013, 0, NVIDIA GB10, 96, 0, [N/A], [N/A], 52.95, 78
2026/06/18 19:33:33.014, 0, NVIDIA GB10, 96, 0, [N/A], [N/A], 52.92, 78
2026/06/18 19:33:34.015, 0, NVIDIA GB10, 96, 0, [N/A], [N/A], 52.97, 78
2026/06/18 19:33:35.016, 0, NVIDIA GB10, 95, 0, [N/A], [N/A], 52.97, 78
2026/06/18 19:33:36.017, 0, NVIDIA GB10, 95, 0, [N/A], [N/A], 52.92, 78
2026/06/18 19:33:37.017, 0, NVIDIA GB10, 95, 0, [N/A], [N/A], 52.89, 78
2026/06/18 19:33:38.018, 0, NVIDIA GB10, 96, 0, [N/A], [N/A], 53.04, 78
2026/06/18 19:33:39.018, 0, NVIDIA GB10, 96, 0, [N/A], [N/A], 52.98, 78
2026/06/18 19:33:40.019, 0, NVIDIA GB10, 96, 0, [N/A], [N/A], 53.04, 78
2026/06/18 19:33:41.020, 0, NVIDIA GB10, 96, 0, [N/A], [N/A], 53.01, 78
2026/06/18 19:33:42.021, 0, NVIDIA GB10, 0, 0, [N/A], [N/A], 35.52, 73
2026/06/18 19:33:43.022, 0, NVIDIA GB10, 96, 0, [N/A], [N/A], 82.38, 84
2026/06/18 19:33:44.022, 0, NVIDIA GB10, 0, 0, [N/A], [N/A], 36.42, 72
2026/06/18 19:33:45.023, 0, NVIDIA GB10, 0, 0, [N/A], [N/A], 15.48, 72
2026/06/18 19:33:46.024, 0, NVIDIA GB10, 0, 0, [N/A], [N/A], 15.18, 71
2026/06/18 19:33:47.025, 0, NVIDIA GB10, 0, 0, [N/A], [N/A], 15.06, 70
2026/06/18 19:33:48.025, 0, NVIDIA GB10, 0, 0, [N/A], [N/A], 14.47, 70
2026/06/18 19:33:49.026, 0, NVIDIA GB10, 96, 0, [N/A], [N/A], 41.49, 75
2026/06/18 19:33:50.027, 0, NVIDIA GB10, 96, 0, [N/A], [N/A], 52.27, 75
2026/06/18 19:33:51.028, 0, NVIDIA GB10, 96, 0, [N/A], [N/A], 52.45, 76
2026/06/18 19:33:52.029, 0, NVIDIA GB10, 96, 0, [N/A], [N/A], 52.50, 76
2026/06/18 19:33:53.030, 0, NVIDIA GB10, 96, 0, [N/A], [N/A], 52.54, 76
2026/06/18 19:33:54.031, 0, NVIDIA GB10, 96, 0, [N/A], [N/A], 52.55, 76
2026/06/18 19:33:55.032, 0, NVIDIA GB10, 96, 0, [N/A], [N/A], 52.59, 76
2026/06/18 19:33:56.033, 0, NVIDIA GB10, 96, 0, [N/A], [N/A], 52.59, 76
2026/06/18 19:33:57.034, 0, NVIDIA GB10, 96, 0, [N/A], [N/A], 52.59, 76
2026/06/18 19:33:58.034, 0, NVIDIA GB10, 96, 0, [N/A], [N/A], 52.63, 76
2026/06/18 19:33:59.035, 0, NVIDIA GB10, 96, 0, [N/A], [N/A], 52.68, 76
2026/06/18 19:34:00.036, 0, NVIDIA GB10, 96, 0, [N/A], [N/A], 52.59, 76
2026/06/18 19:34:01.037, 0, NVIDIA GB10, 96, 0, [N/A], [N/A], 52.74, 76
2026/06/18 19:34:02.037, 0, NVIDIA GB10, 95, 0, [N/A], [N/A], 52.68, 77
2026/06/18 19:34:03.038, 0, NVIDIA GB10, 95, 0, [N/A], [N/A], 52.79, 77
2026/06/18 19:34:04.039, 0, NVIDIA GB10, 96, 0, [N/A], [N/A], 52.78, 77
2026/06/18 19:34:05.040, 0, NVIDIA GB10, 0, 0, [N/A], [N/A], 36.65, 72
2026/06/18 19:34:06.041, 0, NVIDIA GB10, 96, 0, [N/A], [N/A], 83.78, 83
2026/06/18 19:34:07.041, 0, NVIDIA GB10, 95, 0, [N/A], [N/A], 62.78, 77
2026/06/18 19:34:08.042, 0, NVIDIA GB10, 95, 0, [N/A], [N/A], 52.78, 77
2026/06/18 19:34:09.043, 0, NVIDIA GB10, 95, 0, [N/A], [N/A], 52.76, 77
2026/06/18 19:34:10.044, 0, NVIDIA GB10, 95, 0, [N/A], [N/A], 52.69, 77
2026/06/18 19:34:11.045, 0, NVIDIA GB10, 95, 0, [N/A], [N/A], 52.86, 77
2026/06/18 19:34:12.046, 0, NVIDIA GB10, 95, 0, [N/A], [N/A], 52.83, 77
2026/06/18 19:34:13.047, 0, NVIDIA GB10, 95, 0, [N/A], [N/A], 52.83, 77
2026/06/18 19:34:14.048, 0, NVIDIA GB10, 95, 0, [N/A], [N/A], 52.86, 77
2026/06/18 19:34:15.049, 0, NVIDIA GB10, 95, 0, [N/A], [N/A], 52.87, 77
2026/06/18 19:34:16.049, 0, NVIDIA GB10, 95, 0, [N/A], [N/A], 52.90, 77
2026/06/18 19:34:17.050, 0, NVIDIA GB10, 95, 0, [N/A], [N/A], 52.92, 77
2026/06/18 19:34:18.050, 0, NVIDIA GB10, 95, 0, [N/A], [N/A], 52.91, 77
